target_domain,referring_domain,link_type,confidence,disavow_entry,action,notes
amzbuydeal.com,99coupondeals.com,Bookmark Spam,Verified,domain:99coupondeals.com,Disavow,Pligg/social bookmark network via w2fr.com
amzbuydeal.com,atozbookmarks.xyz,Bookmark Spam,Verified,domain:atozbookmarks.xyz,Disavow,Pligg/social bookmark network via w2fr.com
amzbuydeal.com,bookmarkadda.com,Bookmark Spam,High,domain:bookmarkadda.com,Disavow,Pligg bookmark network member
amzbuydeal.com,bookmarkdemand.com,Bookmark Spam,Verified,domain:bookmarkdemand.com,Disavow,Pligg/social bookmark network via w2fr.com
amzbuydeal.com,bookmarknode.com,Bookmark Spam,High,domain:bookmarknode.com,Disavow,Pligg bookmark network member
amzbuydeal.com,bookmarksclick.com,Bookmark Spam,Verified,domain:bookmarksclick.com,Disavow,Pligg/social bookmark network via w2fr.com
amzbuydeal.com,bookmarkstarget.com,Bookmark Spam,Verified,domain:bookmarkstarget.com,Disavow,Pligg/social bookmark network via w2fr.com
amzbuydeal.com,congressdigital.com,Bookmark Spam,Verified,domain:congressdigital.com,Disavow,Pligg/social bookmark network via w2fr.com
amzbuydeal.com,cosap.org,Bookmark Spam,High,domain:cosap.org,Disavow,Pligg bookmark network member
amzbuydeal.com,easierbookmark.com,Bookmark Spam,Verified,domain:easierbookmark.com,Disavow,Pligg/social bookmark network via w2fr.com
amzbuydeal.com,easylinksbacks.xyz,Bookmark Spam,Verified,domain:easylinksbacks.xyz,Disavow,Pligg/social bookmark network via w2fr.com
amzbuydeal.com,ebees.co,Bookmark Spam,Verified,domain:ebees.co,Disavow,Pligg/social bookmark network via w2fr.com
amzbuydeal.com,ebookmarkbase.com,Bookmark Spam,Verified,domain:ebookmarkbase.com,Disavow,Pligg/social bookmark network via w2fr.com
amzbuydeal.com,ebookmarkspot.com,Bookmark Spam,Verified,domain:ebookmarkspot.com,Disavow,Pligg/social bookmark network via w2fr.com
amzbuydeal.com,getyourstory.pe.hu,Bookmark Spam,High,domain:getyourstory.pe.hu,Disavow,Pligg bookmark network member
amzbuydeal.com,newslinkzones.xyz,Bookmark Spam,High,domain:newslinkzones.xyz,Disavow,Pligg bookmark network member
amzbuydeal.com,newsmeback.info,Bookmark Spam,High,domain:newsmeback.info,Disavow,Pligg bookmark network member
amzbuydeal.com,pligg.com,Bookmark Platform,High,domain:pligg.com,Disavow,Pligg CMS platform associated with spam network
amzbuydeal.com,popularebookmark.com,Bookmark Spam,Verified,domain:popularebookmark.com,Disavow,Pligg/social bookmark network via w2fr.com
amzbuydeal.com,reddif.info,Bookmark Spam,Verified,domain:reddif.info,Disavow,Pligg/social bookmark network via w2fr.com
amzbuydeal.com,savelivelife.com,Bookmark Spam,High,domain:savelivelife.com,Disavow,Pligg bookmark network member
amzbuydeal.com,seoinfobookmarking.esy.es,Bookmark Spam,Verified,domain:seoinfobookmarking.esy.es,Disavow,Pligg/social bookmark network via w2fr.com
amzbuydeal.com,sur.ly,Stat Scraper,Verified,domain:sur.ly,Disavow,Link preview/stat scraper site
amzbuydeal.com,thesocialbuster.com,Bookmark Spam,High,domain:thesocialbuster.com,Disavow,Pligg bookmark network member
amzbuydeal.com,thesourceweekly.com,Bookmark Spam,Verified,domain:thesourceweekly.com,Disavow,Pligg/social bookmark network via w2fr.com
amzbuydeal.com,ufile.site,Bookmark Spam,High,domain:ufile.site,Disavow,Pligg bookmark network member
amzbuydeal.com,urlw4ebc.com,Spam Redirect,High,domain:urlw4ebc.com,Disavow,Spam/redirect domain in network
amzbuydeal.com,w2fr.com,Mirror Network,Verified,domain:w2fr.com,Disavow,Cross-domain mirror/scraper network host
amzbuydeal.com,webpagebookmark.com,Bookmark Spam,High,domain:webpagebookmark.com,Disavow,Pligg bookmark network member
amzbuydeal.com,website.informer.com,Stat Scraper,Verified,domain:website.informer.com,Disavow,Website stat/info scraper
amzbuydeal.com,gweb.com,Low-Quality Directory,Likely,domain:gweb.com,Review in GSC first,User-generated directory listing; verify in GSC
amzbuydeal.com,qqkz.com,SEO Scraper,Likely,domain:qqkz.com,Review in GSC first,SEO query/scraper site; verify in GSC
amzbuydeal.com,cutestat.com,Stat Scraper,Likely,domain:cutestat.com,Review in GSC first,Domain stat mirror site; verify in GSC
amzbuydeal.com,hypestat.com,Stat Scraper,Likely,domain:hypestat.com,Review in GSC first,Domain stat/scraper site; verify in GSC
amzbuydeal.com,webstatsdomain.org,Stat Scraper,Likely,domain:webstatsdomain.org,Review in GSC first,Backlink stat scraper; verify in GSC
daytribune.com,sur.ly,Stat Scraper,Verified,domain:sur.ly,Disavow,Link preview/stat scraper site
daytribune.com,website.informer.com,Stat Scraper,Verified,domain:website.informer.com,Disavow,Website stat/info scraper
daytribune.com,cutestat.com,Stat Scraper,Likely,domain:cutestat.com,Review in GSC first - legitimate news site,Domain stat mirror (jobs.dailytribune.com.cutestat.com); verify in GSC
daytribune.com,hypestat.com,Stat Scraper,Likely,domain:hypestat.com,Review in GSC first - legitimate news site,Domain stat/scraper site; verify in GSC
daytribune.com,webstatsdomain.org,Stat Scraper,Likely,domain:webstatsdomain.org,Review in GSC first - legitimate news site,Backlink stat scraper; verify in GSC
daytribune.com,accessify.com,Stat Scraper,Likely,domain:accessify.com,Review in GSC first - legitimate news site,Site analysis scraper; verify in GSC
daytribune.com,deets.feedreader.com,Stat Scraper,Likely,domain:deets.feedreader.com,Review in GSC first - legitimate news site,Feed/stat scraper; verify in GSC
getfestify.com,sur.ly,Stat Scraper,Verified,domain:sur.ly,Disavow,Link preview/stat scraper site
getfestify.com,website.informer.com,Stat Scraper,Verified,domain:website.informer.com,Disavow,Website stat/info scraper
getfestify.com,cutestat.com,Stat Scraper,Likely,domain:cutestat.com,Review in GSC first,Domain stat mirror site; verify in GSC before disavowing
getfestify.com,hypestat.com,Stat Scraper,Likely,domain:hypestat.com,Review in GSC first,Domain stat/scraper site; verify in GSC before disavowing
nuision.com,sur.ly,Stat Scraper,Verified,domain:sur.ly,Disavow,Link preview/stat scraper site
nuision.com,website.informer.com,Stat Scraper,Verified,domain:website.informer.com,Disavow,Website stat/info scraper
nuision.com,cutestat.com,Stat Scraper,Likely,domain:cutestat.com,Review in GSC first,Domain stat mirror site; verify in GSC
nuision.com,deets.feedreader.com,Stat Scraper,Likely,domain:deets.feedreader.com,Review in GSC first,Feed/stat scraper; verify in GSC
